partner,2020
US,57.11694444444444
NG,44.19555555555556
RU,38.080555555555556
QA,32.24805555555555
TT,24.080833333333334
GQ,10.568888888888889
DZ,5.573888888888889
Other,17.094166666666666
