partner,2020
QA,170.23824305555556
US,152.34980472222222
RU,142.4179911111111
NG,126.09037638888888
DZ,83.41205555555554
NO,41.38963888888889
TT,34.02472361111111
Other,75.62415250000001
