partner,2020
QA,27.383
RU,15.40836111111111
US,6.37825
NO,1.1819166666666665
AO,0.8972777777777777
NE,0.0
MU,0.0
Other,0.0
