partner,2020
CH,77.46027472222222
UA,24.826418611111112
UK,12.442548888888888
RS,7.818061666666667
CN,2.468881111111111
GI,1.7699466666666666
IN,1.3591844444444445
Other,120.3759247222222
