partner,2020
RU,568.1804127777777
NO,178.52800861111112
NL,99.75964555555555
NE,0.0
MU,0.0
MX,0.0
MY,0.0
Other,12.496606944444485
