partner,2020
NO,94.80119444444445
NL,79.48044444444444
QA,27.383
RU,15.40836111111111
US,6.37825
UK,4.6690555555555555
FR,1.2466666666666666
Other,1.8820277777778232
