partner,2020
HU,16.010402222222222
SI,6.229950555555556
CZ,0.7647241666666666
MR,0.0
MU,0.0
MX,0.0
MY,0.0
Other,0.0
