partner,2020
DZ,106.20555555555555
US,57.11694444444444
NG,44.19555555555556
RU,38.080555555555556
QA,32.24805555555555
TT,24.080833333333334
FR,22.2275
Other,41.07111111111111
