partner,2019
RU,1752.6556247222222
NO,676.226271111111
DZ,331.03455166666663
QA,225.90707305555554
NG,146.5598711111111
US,133.18509083333333
UK,116.83402555555554
Sonstige,840.4350266666669
