partner,2020
RU,1600.4161666666666
NO,785.1744661111112
DZ,314.4320277777778
QA,170.23824305555556
US,152.34980472222222
UK,146.7438138888889
NG,126.09037638888888
Other,418.48236555555474
