partner,2020
RU,865818.527
US,266997.881
NO,243974.585
SA,230516.692
UK,211985.907
NG,173614.498
KZ,168102.623
IQ,104842.285
AZ,95218.76299999999
DZ,86217.618
LY,48341.222
MX,42733.333
Other,423889.7940000002
