partner,2020
US,18433.595999999998
UK,11433.905
NG,7691.329
CH,7165.217000000001
GI,6624.823
MA,5617.442
SA,5228.621
Other,58121.04200000001
