partner,2020
RU,108940.67199999999
NO,38029.349
US,34880.162
NG,33912.456
KZ,33345.491
SA,32795.688
UK,24572.583
IQ,20968.457
AZ,19023.647
LY,9024.45
DZ,8473.922
MX,8443.0
Other,41942.88799999998
