partner,2020
RU,3577.7999999999997
AU,3576.2999999999997
US,1281.0
DE,862.1
ZA,305.1
UK,184.1
CO,107.69999999999999
Other,625.7999999999993
