partner,2020
RU,131310.526
US,40143.295
AU,35582.37
CO,14805.25
CA,6107.541
KZ,4871.025
ZA,3334.6749999999997
Other,8409.549000000028
