partner,2019
RU,54.27963
US,21.040066000000003
AU,16.418484
CO,9.626263999999999
ZA,3.3759970000000004
CA,2.727754
KZ,2.629408
Other,6.309838000000004
