partner,2020
RU,43951.933000000005
US,13390.119
AU,11860.79
CO,5044.45
CA,2042.8300000000002
KZ,1623.682
ZA,1119.895
Other,2948.212999999989
