partner,2020
MA,3708.8720000000003
IN,2399.136
CN,1359.0500000000002
UA,1236.602
TR,932.881
UK,862.609
NO,677.085
Other,2512.556999999999
