partner,2020
RU,42.821025
US,13.351598
AU,11.860790000000001
CO,4.71635
CA,2.02183
KZ,1.5837289999999997
ZA,1.0948849999999999
Sonstige,2.0968299999999873
