partner,2020
MA,1240.9360000000001
IN,1113.538
CN,679.5250000000001
UA,465.609
UK,369.261
TR,331.922
NO,300.887
Other,1113.5480000000007
