partner,2020
PL,5703.877
US,1536.126
RU,1030.3890000000001
AU,783.165
CZ,413.007
DE,246.119
HU,216.216
Other,46.1979999999985
