partner,2020
RU,42937.979
US,17254.464
AU,11552.244
CO,5674.163
CA,3656.0370000000003
PL,2576.346
UK,2322.046
Other,6188.419999999984
