partner,2020
AT,1341.2540000000001
BE,1131.509
PL,498.091
FR,452.36
ES,413.84
CZ,367.90999999999997
CH,216.832
Other,784.8719999999994
