partner,2020
RU,1350.9
ES,423.29999999999995
CZ,44.9
IT,38.2
BA,14.6
HU,12.8
DE,3.9
Other,1.0999999999996817
