partner,2019
RU,19.139714
US,8.583949
AU,4.771203000000001
CO,1.8696949999999999
CA,1.262532
KZ,1.169086
UK,1.164196
Other,3.0330839999999952
